Employee_ID,Name,Age,Salary,City,Joining_Date,Email,Phone,Department,Job_Title
1,Robin Romero,31,102364.55,Lake Veronica,2017-09-24,elizabeth82@example.net,001-504-926-7694x77423,Marketing,"Physicist, medical"
2,Aaron Mitchell DDS,65,44684.69,New Sarah,2019-11-08,robertjones@example.net,001-511-373-7045x37503,Sales,Customer service manager
3,Kathy Estes,30,51025.12,Dorseyport,2024-02-05,peterhughes@example.com,(984)604-9850x84521,Marketing,Television/film/video producer
4,Tracy Schneider,60,128594.05,West Pamela,2018-11-27,hyoung@example.com,(955)278-7389x92398,IT,Human resources officer
5,Ashley Ruiz,37,39054.39,Michaelview,2019-05-21,moralesbarbara@example.com,+1-846-625-1069,Marketing,Environmental health practitioner
6,Stacey Anderson,27,53606.52,West Linda,2021-12-26,josephclark@example.org,(644)720-4449x2761,Sales,Youth worker
7,Grant Fowler,61,96255.89,New Dawn,2021-04-22,jennifertorres@example.com,+1-506-619-5404x8648,HR,Scientific laboratory technician
8,Chelsea Knight,33,94472.64,Hernandezstad,2017-04-29,kbrooks@example.com,+1-503-943-4490x9298,Marketing,Market researcher
9,Matthew Graham,36,114834.67,Garyside,2020-04-23,linda00@example.org,307.979.2935x43697,Sales,Drilling engineer
10,Elizabeth Faulkner,37,91249.6,East Joshualand,2022-10-09,robertpacheco@example.com,001-679-831-7418,Finance,Occupational hygienist
11,Carlos Hayden,24,40081.57,East Johnburgh,2024-07-08,michael99@example.com,977.618.7819,Sales,"Engineer, civil (consulting)"
12,Gregory Ellis,53,62199.8,Travischester,2024-12-26,george79@example.org,915-379-6338x76226,Sales,Furniture designer
13,Robert Compton,49,134064.67,Huynhview,2020-10-23,leonardhannah@example.org,869-225-7922x0665,Finance,Financial controller
14,Julia Boone,48,70397.92,South Brittneyside,2020-06-15,stacey76@example.com,493.243.1687,HR,Geochemist
15,Erika Hubbard,30,55145.81,Lake Maryton,2017-09-08,robertperry@example.com,(277)678-8175,Sales,Ecologist
16,Jeremy Olson,34,100466.99,Bryanmouth,2021-11-26,jeffery76@example.org,(929)648-4470x4040,IT,Optometrist
17,Jeremiah Johnson,27,72102.58,Lake Jennifertown,2018-08-29,vmedina@example.net,001-659-645-9471x663,Sales,Speech and language therapist
18,Adriana Brady,63,95602.4,Spencertown,2017-09-20,yhancock@example.org,+1-605-975-0308x28851,Finance,"Engineer, automotive"
19,Andrea Harrell,45,62740.18,South Michael,2025-09-03,megankennedy@example.com,714.868.4899x12823,IT,"Lecturer, higher education"
20,Courtney Oliver,45,115988.7,Amandafort,2024-05-15,xspence@example.net,+1-729-997-6938x820,Finance,Armed forces operational officer
21,Miranda Marshall,36,70555.42,New Tina,2017-10-20,kristen30@example.com,(746)302-8996x22488,HR,Stage manager
22,Lee Mcdaniel,27,88304.87,Lynnside,2016-01-21,tiffanydavis@example.net,9375851690,HR,Speech and language therapist
23,Christopher Garcia,62,125263.87,Brendaburgh,2019-09-21,stephanie03@example.com,(703)589-5655x2690,Marketing,Financial risk analyst
24,Lee Klein,29,121738.93,Payneville,2018-01-26,ashleyhaynes@example.org,001-709-972-5051x6450,Sales,Art gallery manager
25,Charles Washington,54,125143.99,Christopherport,2023-02-17,schaeferjerry@example.org,+1-854-215-1076,HR,Geographical information systems officer
26,Luke Jenkins,23,134666.07,Reneeburgh,2025-07-22,hmoore@example.org,(341)569-3873,Finance,Airline pilot
27,Nathan Kerr,31,73840.45,Lake Michael,2021-08-02,garylittle@example.net,+1-457-402-8812x2635,IT,Hospital pharmacist
28,Jason Sosa,24,121645.38,Lake Geoffreyport,2020-07-09,savannah04@example.org,336-966-1861,HR,"Nurse, children's"
29,Lori Todd,64,143463.79,Obrientown,2019-04-07,bford@example.org,001-493-442-3960x74884,IT,"Designer, television/film set"
30,Cody Vega,47,146709.51,Lake Andrewmouth,2024-04-05,eatonbrittany@example.org,966-362-9586,Marketing,Field seismologist
31,Samuel Short,35,53593.52,North Jared,2021-01-07,angel71@example.com,954.934.3749,HR,Building surveyor
32,Kenneth Lindsey,58,72422.78,West Hannah,2017-12-05,cjenkins@example.org,+1-544-780-9718x0834,Marketing,Government social research officer
33,Dana Moore,58,52313.93,Burnsshire,2018-12-11,brittneygraham@example.org,(258)791-8748,HR,Forensic psychologist
34,John Bailey,23,145755.66,Lake Melissa,2025-07-16,lopezdennis@example.net,001-490-545-7336x765,IT,"Psychologist, clinical"
35,Jennifer Ryan,25,81282.06,East Lori,2022-02-18,sharon98@example.net,457.951.3105,Finance,Commercial horticulturist
36,Heidi West,34,137310.93,North Randy,2021-12-06,rossstacy@example.net,001-818-296-2468,HR,Local government officer
37,Michael Cox,56,108724.04,Steelefurt,2024-10-08,cwright@example.org,340.670.9198,HR,Event organiser
38,Eddie Smith,51,83673.55,New Rogerside,2025-07-14,brandonvance@example.com,896.951.0248x8942,Marketing,"Nurse, mental health"
39,Jennifer Munoz,64,115201.24,Danielville,2020-02-02,fhunt@example.org,(995)285-7069,Marketing,Building surveyor
40,Madison Poole,38,133270.12,Wolfberg,2025-05-16,macdonaldkendra@example.net,+1-568-206-1879x2791,HR,Higher education careers adviser
41,Peter Hill,64,94459.85,Tiffanyburgh,2018-02-28,jessicamendez@example.org,(473)457-8085x3407,HR,Medical secretary
42,Jim Taylor,46,85188.0,Holtberg,2019-01-21,jason27@example.net,+1-631-954-1280x3069,Finance,Travel agency manager
43,Diane Ramos,50,40955.2,Keithburgh,2022-11-11,ktucker@example.org,(488)687-3597x7050,IT,Haematologist
44,Beth Keller,24,112805.73,Derekchester,2020-06-23,michelleharding@example.net,+1-294-316-9978x785,Marketing,"Editor, magazine features"
45,Matthew Phillips,42,35608.98,South Jimmymouth,2021-07-27,zgarcia@example.net,001-546-772-2796x405,Finance,Media buyer
46,Edward James,29,124290.34,New Sarahbury,2021-09-27,shannon50@example.net,3343355008,HR,Writer
47,Theresa Perez,56,82723.09,New Katherine,2018-11-15,castanedaangela@example.org,001-792-851-3244,Finance,Oceanographer
48,Christopher Johnson,60,130353.65,Patrickstad,2016-03-23,cameroncunningham@example.org,001-269-316-0642x1285,IT,Amenity horticulturist
49,Jackie Hicks,63,67741.99,Warrenmouth,2018-06-27,greenjon@example.com,758-907-4121x3291,IT,Geoscientist
50,Joanne Farley,31,94373.53,Lake Kim,2018-10-01,jadams@example.com,538.393.2369,IT,"Surveyor, commercial/residential"
51,Ryan Olson,47,80987.98,Colemanbury,2019-08-03,jramirez@example.net,001-548-648-8835x1326,IT,Garment/textile technologist
52,Terry Armstrong,35,102490.39,New Angelaside,2022-11-08,ecantrell@example.org,7492505490,Finance,Technical brewer
53,Scott Arroyo,60,56732.95,Williamsport,2020-06-04,ritamartin@example.org,610.410.7969,Marketing,Herpetologist
54,Bryce Cox,52,122847.59,West Sean,2024-07-01,tinagonzalez@example.org,713.732.6003,IT,"Geologist, wellsite"
55,Ruth Chen,28,71602.64,Walkermouth,2024-11-30,katrina63@example.net,+1-396-331-6849x32293,HR,Midwife
56,Joseph Thomas,23,148342.74,Taylorburgh,2018-12-30,carlsonjennifer@example.net,669.371.5716x72886,Sales,"Surveyor, land/geomatics"
57,Jeff Williams,52,59442.39,Juliamouth,2018-05-22,christophersexton@example.com,+1-562-282-6898x0928,Sales,Estate manager/land agent
58,Billy Patton,60,109322.76,East Heidiborough,2017-10-22,hsnyder@example.org,(618)895-7841x25143,Marketing,"Pharmacist, community"
59,Lisa Webb,64,149485.69,West Louis,2017-07-06,dianahubbard@example.org,999.257.5352x18083,Marketing,Financial planner
60,Hannah Roberts,22,146924.38,Lawsonview,2023-07-09,jonathan81@example.com,001-279-925-1824x12199,Marketing,Airline pilot
61,Angela Curry,55,103949.39,Tinaburgh,2024-05-13,mclaughlinmonica@example.com,649.756.6556,HR,Conference centre manager
62,April Robinson,49,76496.55,East Carolineburgh,2019-02-16,daniellebooth@example.org,841-380-9232x29438,Sales,Chartered public finance accountant
63,Dalton Martinez,40,65009.34,East Wendyport,2024-05-09,mluna@example.com,(610)380-5113x0189,Sales,Counsellor
64,Kelly Rodriguez,30,135866.06,North Samuel,2018-03-05,chrisgraham@example.com,(500)432-3665x642,IT,Investment analyst
65,Aimee Fox,29,142748.02,Larsonmouth,2019-08-26,david36@example.net,001-657-846-5576,Finance,Claims inspector/assessor
66,Kevin Copeland,42,93738.27,Thomasbury,2020-10-11,nashtristan@example.com,9737762713,Sales,Dancer
67,Karen Nguyen,65,42340.84,East Rachel,2019-01-22,jessicahall@example.org,(727)554-5435,IT,Operations geologist
68,Jamie Gross,47,59125.81,Franklinton,2024-01-23,zhangjohnathan@example.com,001-238-569-7223,Finance,Furniture conservator/restorer
69,Ashley Sparks,47,52953.84,Geraldton,2020-05-25,xdoyle@example.com,7696704902,Finance,"Engineer, technical sales"
70,Joel Washington,33,111022.21,Higginsland,2022-06-12,kristin61@example.net,8077110281,Finance,"Administrator, local government"
71,Wesley Foster,60,127155.72,Robertsborough,2023-03-27,bgross@example.org,536-450-8755x1223,Sales,Charity officer
72,April Flores,40,45153.64,Johnsonborough,2022-06-02,turnercristina@example.net,+1-648-207-8828x2671,IT,"Geneticist, molecular"
73,Monica Walker,33,118251.16,Christophershire,2021-03-09,blackdavid@example.com,001-708-727-1161x1623,Finance,"Surveyor, quantity"
74,Brett Kerr,57,59663.67,East Alfredton,2024-08-06,cdavis@example.org,557.851.1345x07929,Finance,Media buyer
75,Christopher Stevenson,31,62905.31,Davismouth,2024-06-18,angelagraham@example.com,734.744.5212x362,Marketing,Actor
76,Amanda Goodman,56,104290.85,Port Rachelview,2016-03-04,leezachary@example.com,+1-597-989-4392x584,Sales,Secretary/administrator
77,Gregory Bennett,63,45662.19,Rossstad,2020-04-21,brittanymoore@example.org,(969)496-4948x6465,Sales,"Production designer, theatre/television/film"
78,Christine Newman,65,68660.44,Lisatown,2015-12-20,gordoncandace@example.org,+1-984-608-3879x83105,IT,Sports development officer
79,Bradley Sanchez,26,81127.94,North Jessicaland,2023-08-15,kelly80@example.com,903.525.2780,Marketing,Food technologist
80,Samantha Mcgrath,31,37311.53,Jerryville,2023-09-21,melindaochoa@example.com,672.661.4887,Sales,Holiday representative
81,Shelby Chandler,27,140287.81,Stevenburgh,2022-06-22,jill23@example.com,001-832-345-7614x31096,Marketing,"Research officer, trade union"
82,Bruce Hill,58,130089.4,Port Sophia,2016-03-12,westlaura@example.net,378.203.7586x497,HR,"Investment banker, corporate"
83,Michele Simmons,42,87803.88,Davidburgh,2019-08-13,csimmons@example.org,226.573.8454x87052,Sales,"Pharmacist, community"
84,Chris Cox,25,120286.14,Port Heathertown,2016-03-09,kimberly05@example.com,(812)412-9627x930,HR,Microbiologist
85,Victoria Evans,28,78682.93,West Daniel,2021-09-20,woodardjose@example.net,297.530.8563,Sales,Statistician
86,Kristin Davenport,44,124889.43,Jeffreyside,2024-08-05,fritzlydia@example.com,001-882-763-0843x75126,Marketing,"Producer, radio"
87,Dawn Mcconnell,24,142415.46,West Peterfurt,2017-05-06,nking@example.net,(493)912-0486,Marketing,Ergonomist
88,Leah Rangel,54,99618.46,North Julie,2019-08-31,zlawson@example.net,(350)898-4476x607,Finance,Armed forces technical officer
89,Bob Lee,25,56339.74,Sharonside,2022-11-18,livingstondean@example.com,+1-319-498-1548x07340,HR,"Doctor, hospital"
90,Adam Gregory,60,146733.56,Williamside,2015-12-25,coreyperry@example.org,001-355-729-2959x5582,Sales,"Engineer, structural"
91,Brian Ross,62,52050.5,Bentonmouth,2025-04-25,fhorton@example.com,+1-263-467-7037x373,Marketing,"Librarian, public"
92,Michelle Chandler,35,132777.97,Thomaston,2016-12-12,owensmegan@example.com,686.510.3003,Sales,Bonds trader
93,John Mason,59,52625.08,New David,2016-08-22,catherine34@example.net,+1-207-601-4891x9534,Finance,Sport and exercise psychologist
94,Jose Jones,47,100855.73,Port Jameschester,2024-08-18,ericawood@example.org,726-795-5246x6506,HR,Government social research officer
95,Brandon Downs,47,104365.13,West Theresa,2023-07-11,timothy66@example.org,+1-236-935-5884x57998,Finance,"Psychologist, educational"
96,Julie Bolton,28,42461.86,New David,2018-11-14,lesliemoran@example.net,492.998.8516x81127,Finance,Actuary
97,Jennifer Nunez,39,100546.78,Lake Marie,2017-04-10,joannpage@example.org,+1-670-833-8287x63689,Sales,Quantity surveyor
98,Jacob Jordan,39,128628.74,Jillianberg,2024-11-09,dianavazquez@example.org,858.896.6196x57924,Sales,Best boy
99,Leslie Torres,45,65889.95,East Theresatown,2024-03-10,ronaldbryant@example.org,412-345-8599,IT,Film/video editor
100,Fred Cole,50,38032.79,West Jenniferport,2017-11-03,qhunter@example.org,783.761.7821x277,Sales,Seismic interpreter
